<?xml version="1.0" encoding="UTF-8" ?>
<odoo>
    <data noupdate="1">
        <record id="ir_sequence_inventory_requisition" model="ir.sequence">
            <field name="name">Inventory Requisition</field>
            <field name="code">inventory.requisition</field>
            <field name="prefix">INVREQ</field>
            <field name="padding">5</field>
            <field eval="1" name="number_next"/>
            <field eval="1" name="number_increment"/>
            <field eval="False" name="company_id"/>
        </record>
    </data>
</odoo>