<?xml version="1.0" encoding="UTF-8" ?>
<odoo>
    <record id="requisition_user_rule" model="ir.rule">
        <field name="name">Requisition User Rule</field>
        <field name="model_id" ref="model_inventory_requisition"/>
        <field name="domain_force">[('confirm_id', '=', user.id)]</field>
        <field name="groups" eval="[(4, ref('requisition.inventory_requisition_user'))]"/>
    </record>

    <record id="department_head_rule" model="ir.rule">
        <field name="name">Department Head Rule</field>
        <field name="model_id" ref="model_inventory_requisition"/>
        <field name="domain_force">[('user_id','=',user.id)]</field>
        <field name="groups" eval="[(4, ref('requisition.inventory_requisition_head'))]"/>
    </record>

    <record id="requisition_manager_rule" model="ir.rule">
        <field name="name">Requisition Manager Rule</field>
        <field name="model_id" ref="model_inventory_requisition"/>
        <field name="domain_force">[(1,'=',1)]</field>
        <field name="groups" eval="[(4, ref('requisition.inventory_requisition_manager'))]"/>
    </record>

    <record id="requisition_company_rule" model="ir.rule">
        <field name="name">Inventory Requisition Company Rule</field>
        <field name="model_id" ref="model_inventory_requisition"/>
        <field name="domain_force">[('company_id', '=', company_id)]</field>
    </record>
</odoo>